<?xml version="1.0" encoding="UTF-8"?><project-modules id="moduleCoreId" project-version="1.5.0">
    <wb-module deploy-name="land-server">
        <wb-resource deploy-path="/" source-path="/WebContent" tag="defaultRootSource"/>
        <wb-resource deploy-path="/WEB-INF/classes" source-path="/src/main/java"/>
        <wb-resource deploy-path="/WEB-INF/classes" source-path="/src/main/resources"/>
        <wb-resource deploy-path="/WEB-INF/classes" source-path="/src/test/java"/>
        <wb-resource deploy-path="/WEB-INF/classes" source-path="/target/generated-sources/annotations"/>
        <wb-resource deploy-path="/WEB-INF/classes" source-path="/target/generated-test-sources/test-annotations"/>
        <property name="context-root" value="land-server"/>
        <property name="java-output-path" value="/land-server/target/classes"/>
    </wb-module>
</project-modules>
